Name,Japanese,Romaji,Nickname,Epithet,Race,Gender,Age,Status,Relatives,Affiliation,Occupation,Rank,Light Novel Debut,Web Novel Debut,Anime Debut,Japanese Voice,English Voice,Manga Debut,Birth,Death,Hair Color,Family,Party,Profession,Leader,Members,Affiliations,Light Novel,Manga,Anime,Eye Color,Web Novel,Drama CD Voice,Height,Pet
Perugius Dola,ペルギウス・ドーラ,Perugiusu Dōra,Dragon King,Armoured Dragon King,Dragon Tribe,Male,400+,Alive,"Crystal (Father)
Dora (Mother)
Laplace (God Father)","Asura Kingdom
Rudeus Greyrat
Nanahoshi Shizuka",Hero,"Summoning God[1]
Barrier God",Volume 2,Volume 3,Episode 8,Rikiya Koyama,Kenny James,,,,,,,,,,,,,,,,,,
Moore,ムーア,Moore,,,Immortal Demon Race (Hybrid),Male,Several Hundreds,Alive,,Atoferatofe Rybak,Guard Captain,,,,,,,,,,,,,,,,,,,,,,,,
Timothy Britts,ティモシー・ブリッツ,Timoshī Burittsu,,Sword Saint,Human,Male,,Alive,Jino Britts (Son),"«Holy Land of Swords»
«Sword God Style»",Swordsman,«Sword Emperor»,Light Novel Volume 9,Volume 8,,,,,,,,,,,,,,,,,,,,,
Derrick Redbat,,,,,Human,Male,K39X,Deceased,,«Asura Kingdom»,Guardian Knight,,,,Episode 24,Seiichiro Yamashita,,,,,,,,,,,,,,,,,,,
Gustav Dedoldia,ギュスターヴ・デドルディア,Gyusutāvu Dedorudia,,,Beast Race,Male,,Alive,"Gyes Dedoldia (Son)
Ghislaine Dedoldia (Daughter)
Linia Dedoldia (Grand Daughter)
Minitona Dedoldia (Grand Daughter)",,Chief (Former),,Volume 4,Volume 4,Episode 13,Shinpachi Tsuji,Charlie Campbell,Volume 6,,,,,,,,,,,,,,,,,
Almanfi,アルマンフィ,Arumanfi,,Almanfi of the Bright,Spirit Familiar,Male,Unknown,Alive,,Perugius Dola (master),Summoned Servant,,Volume 2,Volume 2,Episode 8,Kengo Kawanishi,Aaron Campbell (voice actor),,,,,,,,,,,,,,,,,,
Lauri Shirone,,,,Screaming Princess,Human,Female,,Alive (Around 20 years old Decades later after Jobless Oblige),,,,Archknight,,,,,,,Unknown/ Decades after K481,Unknown,Blue,"Pax Shirone (Great-Grandfather)
Benedict Kingdragon (Great-Grandmother)
Pax Jr. (Grandfather)
Unnamed siblings and/or cousins",Black Dragon Knights,Knight,,,,,,,,,,,
Lucy Greyrat,ルーシー・グレイラット,Rūshī Gureiratto,,,Hybrid: Elf / Human / Beast,Female,,Alive,"Clive Grimoire ) (half-uncle via Elinalise)
Roland Grimoire (Son)
Rudeus Greyrat (Father)
Sylphiette Greyrat (Mother)
Lara Greyrat (Younger Half-Sister)
Ars Greyrat (Younger Half-Brother)
Sieghardt Saladin Greyrat (Younger Brother)
Lily Greyrat (Younger Half-Sister)
Christina Greyrat (Younger Half-Sister)
Norn Greyrat (Aunt)
Zenith Greyrat (Grandmother)
Paul Greyrat (Grandfather) †
Elinalise (Great Grandmother)
Aisha Greyrat (Younger Half-Aunt)",,,,,,,,,,K423,,,,,,,,,,,,,,,,
Kaunis Freean Asura,,,,,Human,Male,,Deceased,,Asura Kingdom,,,,,,,,,20-40 years before K0,,,,,,,,,,,,,,,,
Blaze,ブレイズ,Bureizu,,,Demon,Male,Unknown (at least 40-50 years old ),Deceased,,,Adventurer,B «Adventure Guild»,Light Novel Volume 3,Volume 3,Episode 10,Ryūnosuke Watanuki,Marcus D. Stimac,"Manga Volume 3
Roxy Spin Off Manga Volume 1",K3XX,K417,,,"Super Blaze
«Rikarisu Gang» (Disbanded)",,,,,,,,,,,,
Fangs of the Black Wolf,,,,,,,,Disbanded,,,,S,Volume 2,Volume 2,Episode 6,,,,,,,,,,Paul Greyrat,"Geese Nukadia
Talhand
Ghislaine Dedoldia
Elinalise Dragonroad
Zenith Latreia",Adventure Guild,,,,,,,,
Dora,,,,Armored Dragon General,Dragon Tribe,Female,,Deceased,"Crystal (mate)
Perugius Dola (son)
Unnamed mates, sons and daughters","Five Dragon Generals
Dragon World","Dragon Warriors and Dragon Trainer
Researcher",Dragon General,,"Web Novel Old Dragon Tales, Chapter 3",,,,,,,,,,,,,,,,,,,,,
Reida Reia,レイダ・リィア,Reida Ryia,,Water God,Human,Female,,Deceased,Isolte Cruel (Granddaughter),"Water God Style
Asura Kingdom
Hitogami",Swordsman,Water God,,,,,,,K36X,K425,,,,,,,,,,,,,,,
Chaos,,,,Mad Dragon King,Dragon Tribe,Male,,Deceased,,"Five Dragon Generals
Dragon World",Dragon,Dragon General,,"Web Novel Old Dragon Tales, Chapter 8",,,,,,,,,,,,,,,,,,,,,
Urupen,ウルペン,Urupen,,"Dragon God
Hero",Dragon/Human Hybrid,Male,,Deceased,,,99th Dragon God,Dragon God (Formerly),,,,,,,,,,,,,,,,,,,,,,,
Gallus Cleaner,ガルス・クリーナー,Garusu kurīnā,,The Cleaner,Human,Male,,,,,,North Saint,Volume 4,N/A,Episode 12,Eiji Takeuchi,Matt Thurston,Volume 6,,,,,,,,,,,,,,,,,
Isolte Cruel,イゾルテ・クルーエル,Izorute Kurūeru,King's Greatshield,"Water King
Water Emperor",Human,Female,21,Alive,"Reida Reia (Grandmother)†
Doga (Husband)
Daughter","«Water God Style»
«Seven Knights of Asura»","Swordsman
Asura Knight","«Water King» (Former)
«Water Emperor» (Former)
«Water God»",Mushoku Tensei Novel Volume 132.5: Young Man Period,Volume 14,,,,,K40X,,,,,,,,,,,,,,,,
Jirou,ジロー,Jirō,,,Monster (Fiend),,,Alive,,«Rudeus Greyrat» (Owner),Pet,,,,,,,,,,,,,,,,,,,,,,,,
Nuckelgard,,,,North King,Mildett,Male,,Deceased,,"Three Swords of the North God
Darius (Employer)",Mercenary,,Volume 17,,,,,,,K425,,,,,,,,,,,,,,,
Vierra,ヴェラ,Vu~era,,,Human,Female,,Alive,,Fedoa Region's Search Group (Disbanded),Adventurer,,,,,Ryōko Maekawa,Amanda Gish,,,,,Shierra (Sister),,,,,,Light Novel Volume 5,Chapter 34,Episode 16,,,,,
Lunaria,ルナリア,Runaria,,,Human Demi God,Female,,Deceased,"Original Human God (Father)
First Dragon God (Husband)
Orsted (Son)
Laplace (Adoptive Son)",,,,,"Web Novel Old Dragon's Tale, Chapter 3",,,,,,,,,,,,,,,,,,,,,
Shierra,,,,,Human,Female,,Alive,Vierra (Sister),Fedoa Region's Search Group (Disbanded),Adventurer,,Volume 5,Volume 5,Episode 16,Sayumi Watabe,,,,,,,,,,,,,,,,,,,
Vizquel,ヴェスケル,Vuesukeru,,,Demon race,Female,,Alive,,,Adventurer,C «Adventure Guild»,Light Novel Volume 3,Volume 3,Episode 10,Maaya Torigoe,Megan Shipman,Volume 4,,,,,"«P Hunter» (Disbanded)
«Dead End» (Temporary)",,,,,,,,,,,,
Zanoba Shirone,ザノバ・シーローン,Zanoba Shīrōn,"Head Ripping Prince
Master (by Julie)",,Human,Male,,Alive,"Pax Shirone (Half-Younger Brother) †
Julius (Younger Brother) †
Minerva (Mother) †
Zanoba's Wife (Wife) †
Benedict Kingdragon (Sister-in-Law)","Shirone Kingdom (Formerly)
Ranoa Magic Academy
Rudeus Greyrat (Shishou)
Orsted","Prince (Formerly)
Student (Graduated)
Ruijerd Figures Marketing Supervisor",,Volume 6,Volume 6,"Episode 7 (cameo)
Episode 20 (actual)",Satoshi Tsuruoka,Ian Sinclair,Volume 9,K397,K4XX,,,,,,,,,,,,,,,
Dotbath,,,,Dothbath of Destruction,Spirit Familiar,Male,Unknown,Alive,,Perugius (master),Summoned Servant,,,,,,,,,,,,,,,,,,,,,,,,
Claire Latreia,クレア・ラトレイア,Kurea Ratoreia,,,Human,Female,,Alive,"Therese Latreia (Daughter)
Norn Greyrat (Granddaughter)
Rudeus Greyrat (Grandson)
Zenith Greyrat (Daughter)
Paul Greyrat (Son-in-law)
Carlisle Latreia (Husband)
Edgar Latreia (Son)
Anise Latreia (Daughter)
Ralkan Latreia (Father)†
Melody Latreia (Mother)†
Saula Latreia (Daughter)†","Milis Kingdom
Milis Religion
Demon Race Acceptance Faction (Currently)
Demon Race Expulsion Faction (Formerly)",Noble,,Volume 20,Volume 21,,,,,K37X,K4XX,,,,,,,,,,,,,,,
Christina Greyrat,クリスティーナ・グレイラット,Kurisutīna Gureiratto,,,Human,Female,,Alive,"Rudeus Greyrat (Father)
Eris Greyrat (Mother)
Lucy Greyrat (Older Half-sister)
Lara Greyrat (Older Half-sister)
Ars Greyrat (Older Brother)
Sieghardt Saladin Greyrat (Older Half-brother)
Lily Greyrat (Older Half-sister)
Paul Greyrat (Grandfather) †
Zenith Greyrat (Grandmother)
Norn Greyrat (Aunt)
Aisha Greyrat (Aunt)",,,,,,,,,,K431,,,,,,,,,,,,,,,,
Randolph Marianne,ランドルフ・マリーアン,Randorufu Marīan,,Death God,Hybrid,Male,,Alive,"Kalman II (Grandfather)
Shaina Marianne (Grandmother)
Atoferatofe Raibaku (Great-Grandmother)
Kalman I (Great-Grandfather)
Badigadi (Great-Granduncle)","«Dragon King Kingdom»
«Pax Shirone»","Knight (Dragon King Kingdom)
Chef (Former)",«Death God»,Volume 5,Volume 20,,,,,,,,,,,,,,,,,,,,,
Rayfort,,,Ray,,Elf,Male,,,,,,,18,,,,,,,,,,,,,,,,,,,,,,
Gyes Dedoldia,ギュエス・デドルディア,Gyuesu Dedorudia,,,Beast Race,Male,,Alive,"Gustav Dedoldia (Father)
Ghislaine Dedoldia (Sister)
Linia Dedoldia (Daughter)
Minitona Dedoldia (Daughter)",,Chief,,Volume 4,Volume 4,Episode 13,Daiki Hamano,Aaron Roberts,Volume 6,,,,,,,,,,,,,,,,,
Pax Shirone,パックス・シーローン,Pakkusu Shīrōn,,,Human,Male,"15 (Volume 2)
17 (Volume 6)
25 (Volume 19)",Deceased,"Show
Spoilers ahead


Zanoba Shirone (Half-Brother)
Benedict Kingdragon (Wife)
Pax Jr. (Son)","Dragon King Kingdom
Shirone Kingdom","Prince (Formerly)
King",,Volume 2,Volume 2,Episode 4,Jun Fukushima,Stephen Fu,Volume 2,K402,K427,,,,,,,,,,,,,,,
Grabell Zafin Asura,グラーヴェル・ザフィン・アスラ,Gurāvueru Zafin Asura,,,Human,Male,,Alive,"Ariel Anemoi Asura (Younger Half-Sister)
Show
Spoilers ahead!",«First Prince Faction»,First Prince of Asura,,Light Novel Volume 4,Volume 18,Episode 14,Masaaki Mizunaka,Tyson Rinehart,Manga Volume 8,,,,,,,,,,,,,,,,,
Jinas Halfas,ジーナス・ハルファス,Jīnasu Harufasu,,,Human,Male,,,,Ranoa Magic University,"Magician
Teacher (Former)
Vice-Principal","«Water Saint-ranked Magician»
«Fire Saint-ranked Magician»
B «Magic Guild»",Volume 8,Volume 7,Season 2 Episode 5,Yutaka Aoyama,Sean Hennigan,"Volume 11
Roxy Gets Serious Manga Volume 5",K3XX,K4XX,,,,,,,,,,,,,,,
Luke Notos Greyrat,ルーク・ノトス・グレイラット,Rūku Notosu Gureiratto,,,Human,Male,13-15 (Volume 3-5),Alive,"Pilemon Notos Greyrat (Father)
Paul Greyrat (Uncle)
Zenith Greyrat (Aunt)
Lilia Greyrat (Aunt)
Rudeus Greyrat (Cousin)
Norn Greyrat (Cousin)
Aisha Greyrat (Cousin)
Eris Greyrat (Cousin)
Show
Spoilers ahead!","«Asura Kingdom»
«Ranoa Magic Academy»
«Princess Ariel Faction»","Guardian Knight
Student
Asura Kingdom Knight","«Intermediate Sword-God Style»
«Elementary Water-God Style»",Volume 3,Volume 7,"Episode 14 (Cameo)
Episode 23 (Actual)",Kazuyuki Okitsu,Aaron Campbell (voice actor),Volume 8,K404,K4XX,,,,,,,,,,,,,,,
Leo,,,,Sacred Beast,,Male,,Alive,,"«Rudeus Greyrat»
«Doldia Tribe»",,,Light Novel Volume 4,Volume 4,Episode 13,Yō Taichi,Christopher Bevins,Volume 6,K407,,,,,,,,,,,,,,,,
Szilard,,,,Saint Dragon General,Dragon Tribe,Male,,Deceased,,"Five Dragon Generals
Dragon World",Leader of the Five Dragon Generals,Dragon General,,"Web Novel Old Dragon's Tale, Chapter 2",,,,,,,,,,,,,,,,,,,,,
Kurt,クルト,Kuruto,,,Demon,Male,,Alive,,,Adventurer,D,Light Novel Volume 3,Volume 3,Episode 10,Ayaka Asai,Sarah Roach,Chapter 21,,,,,Tokurabu Village Toughs (leader),,,,,,,,,,,,
Auber Corvette,オーベール・コルベット,Ōbēru Korubetto,Peacock Sword,North Emperor,Human,Male,,Deceased,,"North God
Eris (Student)
Rodriguez (Student)
Darius (Employer)",Mercenary,,Volume 11,Volume 10,,,,,K39X,K425,,,,,,,,,,,,,,,
Zenith Greyrat,ゼニス・グレイラット,Zenisu Gureiratto,,,Human,Female,28 (Current),"Alive
Deceased (Year K459 from aging)",,Greyrat Family,Adventurer (Former),S «Adventure Guild» (Former),,,,Hisako Kanemoto,Bryn Apprill,,K390,K459,Blonde,"Paul Greyrat (Husband) †
Rudeus Greyrat (Son)
Norn Greyrat (Daughter)
Show
Spoilers ahead!





Claire Latreia (Mother)
Anise Latrea (Elder Sister)
Therese Latreia (Younger Sister)",Fang of the Black Wolf (Disbanded),,,,,Volume 1: Infancy Period,Chapter 1,Season 1 Episode 1,Blue,Volume 1,,,
Geese Nukadia,ギース・ヌーカディア,Gīsu Nūkadia,Newbie (by Rudeus),,Demon Race,Male,Unknown,Deceased,,,"Adventurer (Thief)
Show
Spoilers ahead",S «Adventure Guild»,Volume 4,Volume 4,Episode 14,Yōji Ueda,Spencer Liles,Volume 6,K3XX,K430,,,"«Fangs of the Black Wolf » (Disbanded)
«Dead End» (Temporary)",,,,,,,,,,Shigeru Chiba,,
Lily Greyrat,リリ・グレイラット,Riri Gureiratto,,,Migurd / Human Hybrid,Female,,Alive,"Rudeus Greyrat (Father)
Roxy Greyrat (Mother)
Lucy Greyrat (Older Half-sister)
Lara Greyrat (Older Sister)
Ars Greyrat (Older Half-brother)
Sieghardt Saladin Greyrat (Older Half-brother)
Christina Greyrat (Younger Half-sister)
Paul Greyrat (Grandfather) †
Zenith Greyrat (Grandmother)
Norn Greyrat (Aunt)
Aisha Greyrat (Aunt)
Rowin Migurdia (Grandfather)
Rokari Migurdia (Grandmother)",,Work for Zanoba,,,,,,,,K431,,,,,,,,,,,,,,,,
Soldat Heckler,ゾルダート・ヘッケラー,Soldat Heckler,,,Human,Male,,Alive,,,"Adventurer
Swordsman",S,Volume 7,,,Kohsuke Toriumi,Alejandro Saab,,,,,,Stepped Leader,,,,,,,,,,,,
Pax Jr.,,,,,Human,Male,,Alive,"Show
Spoilers ahead


*Pax Shirone (Father)
Benedict Kingdragon (Mother)",King Dragon Realm (Former),"King
Lord of Duchy (Former)",,,,,,,,K428,,,,,,,,,,,,,,,,
Ariel Anemoi Asura,アリエル・アネモイ・アスラ,Arieru Anemoi Asura,,,Human,Female,"17 (Light Novel Volume 8)
65-70(Redundancy)","Alive
Deceased (Redundancy)","Grabell Zafin Asura (Older Half-brother)
Show
Spoilers ahead!","Ranoa Magic Academy
Asura Kingdom
Orsted
Second Princess Faction","Student (Former)
Student Council President (Former)
Queen of Asura Kingdom",,Volume 3,Volume 7,"Episode 14 (Cameo)
Episode 23 (Actual)",Reina Ueda,Sarah Wiedenheft,Volume 8,K405,K4XX,,,,,,,,,,,,,,,
Godbard,ゴッドバルド,Goddobarudo,,Ore God,Dwarf,Male,,Alive,,"Dwarf Village
ORSTED Corporation","Ore God
Blacksmith
Village Chief",,,Redundancy,,,,,K3XX,,,,,,,,,,,,,,,,
Kalman II,アレックス・C・ライバック,Arekkusu C. Raibaku,Sándor von Grandeur,"North God II
King’s Greatsword",Human / Immortal Demon Race Hybrid,Male,Unknown (Around 400 in the year 430K),Alive,"Atoferatofe Rybak (Mother)
Kalman I (Father)
Badigadi (Uncle)
Kalman III (Son)
Shaina Marianne (Lover)
Randolph Marianne (Grandson)","North God Style
Ariel Anemoi Asura
Seven Knights of Asura",Knight,North God,Volume 22,Volume 23,,,,,,,,,,,,,,,,,,,,,
Sylvaril,空虚のシルヴァリル,Shiruvu~ariru,,Sylvaril of the Void,Heaven Race,Female,400+ or more,Alive,,Perugius Dola (master),First Familiar of Perugius,,"Volume 14
Volume 15 - Young Man Period - Summoning Chapter",Volume 15,,,,,,,,,,,,,,,,,,,,,
Gadalf Rangid,,,,,Human,Male,,Alive,,,,,,,,,,,,,,,,,,,,,,,,,,,
Laws,ロールズ,Rōruzu,,,Elf / Human,Male,,Deceased,"Elinalise Dragonroad (Mother)
Cliff Grimoire (Step-Father)
Sylphiette (Daughter)
Rudeus Greyrat (Son-in-law)
Clive (Half-Brother)
Lucy Greyrat (Granddaughter)
Sieghart Saladin Greyrat (Grandson)",Buena Village,Hunter,,Volume 1,Volume 1,"Episode 3 (cameo)
Episode 8",Junichi Yanagita,Ricco Fajardo,Volume 1,K3XX,K417,,,,,,,,,,,,,,,
Luicelia Superdia,ルイシェリア・スペルディア,Ruisheria superudia,,,Superd / Human Hybrid,Female,,Alive,"Ruijerd Superdia (Father)
Norn Greyrat (Mother)",,,,,Redundancy,,,,,K432,,,,,,,,,,,,,,,,
Paul Greyrat,パウロ・グレイラット,Pauro Gureiratto,,,Human,Male,35,Deceased,"Amarant Notos Greyrat (Father)
Valentina Notos Greyrat (Mother)
Zenith Greyrat (Wife)
Lilia Greyrat (Wife)
Rudeus Greyrat (Son)
Norn Greyrat (Daughter)
Aisha Greyrat (Daughter)
Lucy Greyrat (Granddaughter)
Ars Greyrat (Grandson)
Lara Greyrat (Granddaughter)
Pilemon Notos Greyrat (Younger Brother)
Sauros Boreas Greyrat (Uncle) †
Philip Boreas Greyrat (Cousin) †
Luke Notos Greyrat (Nephew)",Fedoa Region's Search Group (Disbanded),"Adventurer
Swordsman",S Adventure Guild,Volume 1,Volume 1,Episode 1,Toshiyuki Morikawa,Jared Smith,Chapter 1,K388,K423,,,Fangs of the Black Wolf (Disbanded),,,,,,,,,,Eiji Takemoto,,
Tersena Adoldia,テルセナ・アドルディア,Terusena adorudia,,,Beast Race,Female,,Alive,Pursena Adoldia (Sister),,,,Volume 4,Volume 4,Episode 13,Miku Itō,Emily Ernst,Volume 6,K40X,,,,,,,,,,,,,,,,
Gablin,,,,,Demon,Male,,Deceased,,,Adventurer,D,Light Novel Volume 3,Volume 3,Episode 10,,Jim Foronda,Chapter 21,,,,,Tokurabu Village Toughs,,,,,,,,,,,,
Anne,,,,,,Female,,,,,,,Light Novel Extra Edition Volume 2 ?,"Redundancy, Chapter 10",,,,,K433,,,,,,,,,,,,,,,,
Kalman III,アレクサンダー・ライバック,Arekusandā Raibaku,"Alek (by Atofe and Kishirika)
Left Hand of the Dragon God",North God,,Male,,Alive,"Kalman I (Grandfather)
Kalman II (Father)
Atoferatofe Raibaku (Grandmother)
Badigadi (Great Uncle)","North God Style
Orsted
ORSTED Corporation",Swordsman,North God,Volume 22,Volume 23,,,,,,,,,,,,,,,,,,,,,
Shinohara Akito,篠原 秋人,Shinohara Akito,,,Human,Male,,Unconfirmed,,,Student,,,,,,,,"199X
K5XX (Summoned)",,,,,,,,,,,,,,,,
Stevio von King Dragon,,ヴィオ,Vio,,Human,Male,Around 40,Alive,Kirk (Son),,King,,,,,,,,,,,,,,,,,,,,,,,,
Norn Greyrat,ノルン・グレイラット,Norun Gureiratto,,,Human,Female,,Alive,"Paul Greyrat (Father) †
Zenith Greyrat (Mother)
Rudeus Greyrat (Older Brother)
Aisha Greyrat (Younger Half-Sister)
Claire Latreia (Grandmother)
Show
Spoilers ahead","Ranoa Magic Academy
Student Council","Student
Student Council President",,Volume 1,"Volume 1, Chapter 9",Episode 4,Saya Aizawa,Bryn Apprill,"Volume 1, Chapter 5",K413,K4XX,,,,,,,,,,,,,,,
Roxy Migurdia,ロキシー・ミグルディア,Rokishī Migurudia,"Goddess (by Rudeus)[1]
Shishou (by Rudeus)",,Migurd,Female,"(Volume 1-23) 40-60 Years Old
(Volume 24) 100+ Years Old",Alive,"Rowin Migurdia (Father)
Rokari Migurdia (Mother)
Show
Spoilers ahead!",Ranoa Magic Academy,"Adventurer (former)
Student (Graduated)
Home Tutor (Former)
Shirone's Court Magician (Former)
Teacher (Ranoa Magic Academy)","«Water King-class Magician»
A «Adventure Guild»",Volume 1,Volume 1,Episode 1,Konomi Kohara,Michelle Rojas,Chapter 1,K373,Unknown,,,«Rikarisu Gang» (Disbanded),,,,,,,,,,Ryō Hirohashi,,
Rudeus Greyrat/Future,ルーデウス・グレイラット,Rudeus Greyrat,"Rudy
The Owner Rujierd
The Owner of Dead End
Rudeus of the Quagmire
Shishou (by Zanoba)
Grand Master (by Julie)
Senpai (by Geese)",Quagmire,Human,Male,68 (in his world),Deceased,"Rudeus Greyrat (Alternate past self)
Sylphiette Greyrat (Wife) †
Lucy Greyrat (Daughter)
Roxy Greyrat (Wife) †
Paul Greyrat (Father) †
Zenith Greyrat (Mother)
Norn Greyrat (Sister)
Aisha Greyrat (Half-Sister)†
Therese Latreia (Aunt)","«Adventure Guild»
«Ranoa Magic Academy»",Adventurer,A «Adventure Guild»,Light Novel Volume 15,,,,,,K407,K425 (K475 in his world),,,"«Dead End» (Disbanded)
«Stepped Leader» (Temporary)",,,,,,,,,,,,
Therese Latreia,テレーズ・ラトレイア,Terēzu Ratoreia,,,Human,Female,,Alive,"Carlyte Latreia (Father)
Claire Latreia (Mother)
Ralkan Latreia (Grandfather)
Edgar Latreia (Eldest Brother)
Anise Latrea (Eldest Sister)
Zenith Greyrat (Second Elder Sister)
Paul Greyrat (Brother-In-Law) †
Rudeus Greyrat (Nephew)
Norn Greyrat (Niece)","Millishion
Milis Religion",Knight,,Light Novel Volume 5,Web Novel Volume 5,Eris The Goblin Slayer,Hisako Kanemoto,Molly Searcy,,K39X,K4XX,,,,,,,,,,,,,,,
Rudeus Greyrat,ルーデウス・グレイラット,Rūdeusu Gureiratto,"Rudi/Rudy[1]
The Owner Rujierd[2]
The Owner of Dead End
Kennel Master Ruijerd
Rudeus of the Quagmire
Right Hand of the Dragon God
Dragon's Dog
Ruquag Mire
Dragon's Claw
The Abstinent Rudeus
Shishou/ Master (by Zanoba)
Grand Master (by Julie)
Senpai/ Boss (by Geese)
Master Rudeus (by Ghislaine Dedoldia)","Quagmire
Hero
Education God/God of Education",Human,Male,"34 (Previous Life)[3]
23 (current)[4]","Alive
Deceased (old age 74) (Web Novel Vol 24)",,"Adventure Guild
Ranoa Magic Academy
Orsted
Rude Mercenary Company
ORSTED Corporation
Asura Kingdom","Adventurer[5]
Student (Graduated)[6]
President of Rude Mercenary Company","A «Adventure Guild»
C «Magic Guild»
7th Seven Great Powers",,,,"Tomokazu Sugita (Previous Life)
Yumi Uchiyama (Child)","Ben Phillips (Previous Life)
Madeleine Morris (Child)",,K407,K481,Light Brown,"Show
Spoilers ahead











Paul Greyrat (Father) †
Zenith Greyrat (Mother)
Norn Greyrat (Younger Sister)
Aisha Greyrat (Younger Half-Sister)
Lilia Greyrat (Stepmother)
Therese Latreia (Aunt)
Claire Latreia (Grandmother)
Pilemon Notos Greyrat (Uncle)
Luke Notos Greyrat (Cousin)","Dead End (Disbanded)
Stepped Leader (Temporary)
Counter Arrow (Temporary)",,,,,Volume 1: Infancy Period,Chapter 1,Episode 1,Green,Chapter 1,Hiro Shimono,175cm,"Beat/ Byt (Treant)
Leo (Sacred Beast)
Jirou/ Dillo (Armadillo)
Matsukaze (Horse)"
Ars Greyrat,アルス・グレイラット,Arusu Gureiratto,,,Human,Male,,Alive,"Rudeus Greyrat (Father)
Eris Greyrat (Mother)
Lucy Greyrat (Older Half-Sister)
Lara Greyrat (Older Half-Sister)
Sieghardt Saladin Greyrat (Younger Half-Brother)
Lily Greyrat (Younger Half-Sister)
Christina Greyrat (Younger Sister)
Norn Greyrat (Aunt)
Aisha Greyrat (Aunt)
Zenith Greyrat (Grandmother)
Paul Greyrat (Grandfather) †",,,,,,,,,,K427,,,,,,,,,,,,,,,,
Patris,,,,,Human,Male,,,,,Adventurer,,Light Novel Volume 7,,Episode 25,Itaru Yamamoto,Reagan Murdock,Depressed Magician Chapter 001,,,,,«Counter Arrow »,,,,,,,,,,,,
Sariel Anemoi Asura,,,,,Human,Female,,,"Ariel Anemoi Asura (Mother)
Edward Anemoi Asura (Younger Half-Brother)",,Princess,,,,,,,,K43x,,,,,,,,,,,,,,,,
Angelique Curenttale,,,Angie,,Human,Female,,,Dochil (Husband),,Apothecary,,Volume 18,,,,,,,,,,,,,,,,,,,,,,
Ginger,,,,,Human,Female,,Alive,,"Zanoba
Shirone Kingdom
Minerva
Pax Shirone (Former)","Zanoba's Aide
Imperial guard (Former)",,,,Episode 19,Tomo Muranaka,Katelyn Barr,,,,,,,,,,,,,,,,,,
Nuckelgard,,,,North King,Mildett,Male,,Deceased,,"Three Swords of the North God
Darius (Employer)",Mercenary,,Volume 17,,,,,,,K425,,,,,,,,,,,,,,,
Jino Britts,ジノ・ブリッツ,Jino Burittsu,Jino,"Sword Saint
Sword King
Sword God",Human,Male,,Alive,"Timothy Britts (Father)
Gal Farion (Father-in-law/Uncle)†
Nina Farion (Cousin/Wife)
Nel Britts (Son)
Jill Britts (Daughter)
Children (Incoming)","The Holy Land of Swords
Sword God Style",Swordsman,Sword God,Volume 8: Youth Period,,,,,,K408,K4XX,,,,,,,,,,,,,,,
Mi'nal,,,Mi,,Hobbit,Male,,,,,,,18,,,,,,,,,,,,,,,,,,,,,,
Laxus,,,,Death God Laxus,,,,Deceased,,,,Death God (Former),,,,,,,,,,,,,,,,,,,,,,,
Sukeakoto,時間のスケアコート,,,Sukeakoto of Time,Spirit Familiar,Male,Unknown,Alive,,Perugius (master),,,,,,,,,,,,,,,,,,,,,,,,,
Vita,,,,,Demon Race,Male,,Deceased,,Hitogami's Apostle,,,,,,,,,,,,,,,,,,,,,,,,,
Crystal,,,,Sturdy Dragon General,Dragon Tribe,Male,,Deceased,"Dora (mate)
Perugius Dola (son)","Five Dragon Generals
Dragon World",Researcher,Dragon General,,"Web Novel Old Dragon Tales, Chapter 4",,,,,,,,,,,,,,,,,,,,,
Rowin Migurdia,ロイン・ミグルディア,Roin Migurudia,,,Migurd,Male,,Alive,"Rokari Migurdia (Wife)
Roxy Migurdia (Daughter)
Show
Spoilers ahead!",,Guard,,Volume 3,Volume 3,Episode 9,Yūsuke Kobayashi (voice actor),Howard Wang,"Manga Volume 3
Roxy Spin Off Manga Volume 1",3XX,,,,,,,,,,,,,,,,
Bloody Kant,ブラッディ・カント,Buraddi Kanto,,,Human,Female,,Alive,,,"Adventurer
Writer",S Adventure Guild,,,,,,Roxy Manga Vol 1,K37X,,,,,,,,,,,,,,,,
Benedict Kingdragon,,,,,Hybrid/Human/Magic Race,Female,,Alive,"Pax Shirone (Husband)
Pax Jr. (Son)",,Queen Consort,,"Volume 19
Volume 20 - Young Man Period - Zanoba Chapter",Volume 20,,,,,,,,,,,,,,,,,,,,,
Atoferatofe Rybak,アトーフェラトーフェ・ライバック,Atōferatōfe Raibaku,Atofe,Immortal Demon Lord,Demon Race,Female,Immortal,Alive,"Necross Lacross (Father)
Badigadi (Younger Brother)
Kalman I (Husband)
Kalman II (Son)
Kalman III (Grandson)
Randolph Marianne (Great-grandson)",Rudeus Greyrat,Demon Lord,Demon Lord,Volume 14,WN chapter 150,,,,,,,,,,,,,,,,,,,,,
Hitogami,ヒトガミ,Hitogami,,Human God,,Male,+12000 years,Sealed,,"Rudeus Greyrat (former)
Luke Notos Greyrat (former)
Darius Silva Ganius †
Geese †
Badigadi
Reida Reia †
Kishirika Kishirisu (former)",,,Volume 3,Volume 3,Episode 9,Kujira,Brandon McInnis,Chapter 17: Divine Revelation,,,,,,,,,,,,,,,,,
Yuruzu,贖罪のユルズ,,,Yuzuru of Atonement,Spirit Familiar,Female,Unknown,Alive,,Perugius (master),,,,,,,,,,,,,,,,,,,,,,,,,
Dochil,,,Docchy,,Human,Male,,,Angelique Curenttale (Wife),,Village Chief,,Volume 18,,,,,,,,,,,,,,,,,,,,,,
Hilda Boreas Greyrat,ヒルダ・ボレアス・グレイラット,Hiruda Boreasu Gureiratto,Big Chested Wife,,Human,Female,32,Deceased,"Philip Boreas Greyrat (Husband) †
Sauros Boreas Greyrat (Father in law) †
Eris Greyrat (Daughter)
Unnamed Son 1
Unnamed Son 2
Show
Click to show spoilers",,,,Light Novel Volume 2,Volume 2,Episode 6,Ryoka Yuzuki,Samantha Herek,Chapter 12,K38X,K417,,,,,,,,,,,,,,,
Miko,,,Miko-sama,Child of God,Human,Female,20s,Alive,,"Milis Religion
Millishion«ORSTED Corporation»",Leader of Order of the Temple,,"Volume 5: Juvenile Period (Mentioned)
Volume 21: Young Man Period (Pt.2)",,OVA 01,Manaka Iwami,Rachel Thompson,Chapter 56.5 Cliff Grimore,,,,,,,,,,,,,,,,,
Edward Anemoi Asura,,,,,Human,Male,,,"Ariel Anemoi Asura (Mother)
Luke Notos Greyrat (Father)
Sariel Anemoi Asura (Older Half-Sister)",,Prince,,,,,,,,K43x,,,,,,,,,,,,,,,,
Tristina Purplehorse,トリスティーナ・パープルホース,Torisutīna Pāpuruhōsu,Tris,,Human,Female,,Alive,Freitas Purplehorse (Father),Purplehorse House,"Thief
Smuggler
Sex Slave (Formerly)",,Volume 17,Volume 18,,,,,K40X,K4XX,,,,,,,,,,,,,,,
Bachirou,,,,,Demon,Male,,Alive,,,Adventurer,D,Light Novel Volume 3,Volume 3,Episode 10,,Nazeeh Tarsha,Chapter 21,,,,,Tokurabu Village Toughs,,,,,,,,,,,,
Sylphiette,シルフィエット・グレイラット,Shirufietto Gureiratto,"Sylphy
Fitts
Silent Fitts
""Luffy"" / ルフィ (Rufi)",,Elf / Human / Beast Hybrid,Female,"5 (Debut)
15 (Volume 8)",Alive,,"«Ranoa Magic Academy»
«Ariel Anemoi Asura»",,,,,,Ai Kayano,Emily Neves,,K407,K5XX,Green -> Silver,"Show
Spoilers ahead







Elinalise Dragonroad (Grandmother)
Cliff Grimoire (Grandfather-in-law)
Laws (Father) †
Unnamed Mother †
Clive Grimoire (Uncle)",,,,,,Volume 1: Infancy Period,Chapter 4,"Episode 3
Episode 14 (Fitts cameo)
Episode 23 (Fitts)",Red,,,,
Philip Boreas Greyrat,フィリップ・ボレアス・グレイラット,Firippu Boreasu Gureiratto,,,Human,Male,,Deceased,"Sauros Boreas Greyrat (Father) †
Hilda Boreas Greyrat (Wife) †
Eris Greyrat (Daughter)
James Boreas Greyrat (Older Brother)
Gordon Boreas Greyrat (Brother)
Valentina Notos Greyrat (Aunt)
Paul Greyrat (Cousin)†
Pilemon Notos Greyrat (Cousin)
Unnamed sons
Show
Spoilers ahead",,"Mayor
Asura Kingdom Noble",,Volume 2,Volume 2,Episode 5,Daisuke Ono,Anthony Bowling,Chapter 6,,K417,,,,,,,,,,,,,,,
Nokopara,ノコパラ,Nokopara,,,Demon,Male,,Alive,,,Adventurer,C,Volume 3,Volume 3,Episode 10,Hironori Saitō,Justin Cook,"Manga Volume 3
Roxy Spin Off Manga Volume 1",K3XX,,,,«Rikarisu Gang» (Disband),,,,,,,,,,,,
Wii Taa,,,,North King,Hobbit,Male,,Deceased,,Three Swords of the North God,Mercenary,,,,,,,,,K425,,,,,,,,,,,,,,,
Lilia Greyrat,リーリャ・グレイラット,Rīrya Gureiratto,,,Human,Female,,Alive,"Augusta (Father)

Flute (Mother)
Paul Greyrat (Husband) †
Aisha Greyrat (Daughter)
Rudeus Greyrat (Stepson)
Norn Greyrat (Stepdaughter)",,Maid,,Volume 1,Volume 1,Episode 1,Lynn,Dani Chambers,Chapter 1,K38X,K4XX,,,,,,,,,,,,,,,
Dale,デール,Dēru,Hawkendale (self proclaimed),,Demon Tribe,Male,,Deceased,,,Adventurer,«Intermediate North-God Style»,,,Episode 13 (flashback),Satoshi Inomata,Matt Holmes,Roxy Spin Off Manga Volume 1,,,,,«Rikarisu Gang» (Disband),,,,,,,,,,,,
Playback Miko,,,,,,Female,,,,,,,,,,,,,K50X,,,,,,,,,,,,,,,,
Elinalise Dragonroad,エリナリーゼ・ドラゴンロード,Erinarīze Doragonrōdo,Lize,,Elf,Female,200+,Alive,"Show
Spoilers ahead",,"Adventurer
Student (Dropped Out)",S «Adventure Guild»,Volume 4,Volume 4,Episode 11,Rie Tanaka,Mallorie Rodak,Chapter 22,,,,,Fangs of the Black Wolf (Disbanded),,,,,,,,,,Houko Kuwashima,162cm,
Malta,マルタ,Maruta,,Ogre God,Ogre,Male,,Desceased,,,,,Volume 8,Volume 23,,,,Volume 13 Chapter 63,Unknown,K430,,,,,,,,,,,,,,,
First Demon God,,,,"Demon
Magic
God",Demon,Male,,Deceased,"Kirisis Calisis (Wife)
Kishirika Kishirisu (Daughter)","Demon World
Gods",,,,,,,,,,,,,,,,,,,,,,,,3m,
Darius Silva Ganius,ダリウス・シルバ・ガニウス,Dariusu Shiruba Ganiusu,,-,Human,Male,-,Deceased,-,"«First Prince Faction»
Hitogami",Prime Minister of Asura,,Light Novel Volume 4,Volume 18,Episode 14,Taketora (voice actor),Randy Pearlman,Manga Volume 8,K3XX,K425,,,,,,,,,,,,,,,
Ghislaine Dedoldia,ギレーヌ・デドルディア,Girēnu Dedorudia,"Musclebrain (by Paul)
King's Hound",Black Wolf Sword King,Beast Race,Female,,Alive,"Gustav Dedoldia (Father)
Gyes Dedoldia (Brother)
Linia Dedoldia (Niece)
Minitona Dedoldia (Niece)","«Sword God»
«Ariel Anemoi Asura»","Adventurer
Swordswoman","S «Adventure Guild»
«Sword King»",Volume 1: Infancy Period,Volume 1,Episode 4,Megumi Toyoguchi,Rachel Robinson,Chapter 6,March 28th,,,,«Fangs of the Black Wolf» (Disbanded),,,,,,,,,,,185cm[1],
Talhand,タルハンド,Taruhando,,,Dwarf,Male,,Alive,,,Adventurer,S «Adventure Guild»,Volume 4,Volume 4,Episode 11,Hōchū Ōtsuka,Cris George,Chapter 22,K3XX,,,,«Fang of the Black Wolf» (Disbanded),,,,,,,,,,Kenta Miyake,,
First Dragon God,,,,,Dragon Tribe,Male,,Deceased,"Lunaria (Wife)
Orsted (Son)
Laplace (Adoptive Son)","Dragon Tribe
Gods",,,,,,,,,,,,,,,,,,,,,,,,,
Badigadi,バーディガーディ,Badigadi,"Demon Lord
King
of Immortality
Demon Lord
King
of Wisdom",Fighting God,Demon Race,Male,~4200 - 10000,Alive (Sealed),"Kishirika Kishirisu (Fiance)
Atoferatofe Rybak (Older Sister)
Necross Lacross (Father)","Seven Great Powers (Not Currently)
Ranoa Magic Academy
Hitogami (Formerly)","Demon Lord
King","Demon Lord
King",Volume 6,Volume 6,Season 2 Episode 4,Taiten Kusunoki,Ray Hurd,,,,,,,,,,,,,,,,,,
Pham Haindora,,,,,Human,Female,,,,,Hunter,,Volume 18,,,,,,,,,,,,,,,,,,,,,,
Timothy,,,,,Human,Male,,,"Suzanne (Wife)
2 Unnamed Sons
1 Unnamed Daughter (Deceased)",,"Adventurer
Party Leader",,Light Novel Volume 7,,Episode 25,Wataru Hatano,Phil Parsons (voice actor),Depressed Magician Chapter 001,K38X,K4XX,,,«Counter Arrow »,,,,,,,,,,,,
Pursena Adoldia,プルセナ・アドルディア,Purusena Adorudia,,,Beast Race,Female,,Alive,Tersena Adoldia (sister),"Ranoa Magic Academy
Rude Mercenary Company","Student (Graduated)
Warrior Chief (Former)
Vice-Director",,Light Novel Volume 8,Volume 7,Season 2 Episode 4,Minami Tanaka,Sara Ragsdale,,K407,,,,,,,,,,,,,,,,
Rokkus Migurdia,ロックス・ミグルディア,Rokkusu Migurudia,,,Migurd,Male,,Alive,,,,,Light Novel Volume 3,Volume 3,Episode 9,Masayuki Katō,Joe Cucinotti,Manga Volume 4,,,,,,,,,,,,,,,,,
Belfried,,,,,Human,Male,,,,,Artisan,,18,,,,,,,,,,,,,,,,,,,,,,
Sara,,,,,Human,Female,15 years (Vol 7),Alive,"Father (Deceased)
Mother (Deceased)",,Adventurer,B «Adventure Guild»,Light Novel Volume 7,,Episode 25,Haruka Shiraishi,Molly Searcy,,K405,,,,Counter Arrow,,,,,,,,,,,,
Karowante,,,,Karowante of Insight,Spirit Familiar,Male,Unknown,Alive,,Perugius (master),,,,,,,,,,,,,,,,,,,,,,,,,
Somar,ソマル,Somaru,,,Human,Male,Around 3-5 y.o,Alive (? y.o.),,,,,,,Episode 3,Takuya Kodama,Kristen McGuire,,,,,,,,,,,,,,,,,Around ? cm,
Clive Grimoire,,,,,Elf / Human / Hobbit Hybrid,Male,,Alive,"Cliff Grimoire (Father)
Elinalise Dragonroad (Mother)
Lucy Greyrat (Wife)
Laws (Maternal Half-Brother)
Sylphiette (Niece)",,,,,,,,,,K426,,,,,,,,,,,,,,,,
Mimir,,,,,Human,Male,mid-to-late twenties,Deceased,,,,,Light Novel Volume 7,,Episode 25,Chiharu Sawashira,Dalton Tindall,Depressed Magician Chapter 001,,K421,,,Counter Arrow,,,,,,,,,,,,
Kishirika Kishirisu,キシリカ・キシリス,Kishirika Kishirisu,"The Immortal Demon Empress
Demon Emperor of Resurrection
Demon Emperor of Demon Eyes
Great Demon Emperor
The Great Empress of the Demon Realm[1][2]",,Demon Demigod,Female,"Older than 7000 (Total)
300 + (Third reincarnation, year K418)[1][2]",Alive,"Demon God (Father)
Kirisis Calisis (Mother)
Badigadi (Fiancé)
Atoferatofe Raibaku (Sister-in-law)",,Demon Empress,Demon Empress,Volume 2,Volume 2,Episode 8,Yuka Iguchi,Jamie Marchi,Chapter 28,,,,,,,,,,,,,,,,,
Edgar Latreia,エドガー・ラトレイア,Edogā Ratoreia,,,Human,Male,Unknown,Alive,"Melody Latreia (Grandmother)
Ralkan Latreia (Grandfather)
Claire Latreia (Mother)
Carlisle (Father)
Anise Latrea (Sister)
Zenith Greyrat (Sister)
Therese Latreia (Sister)
Saula Latreia (Sister)
Paul Greyrat (Brother-in-Law)
Rudeus Greyrat (Nephew)
Norn Greyrat (Niece)",Temple Knights,Temple Knight,,,,,,,,3XX,4XX,,,,,,,,,,,,,,,
Doga,ドーガ,Dōga,,King’s Gatekeeper,Human,Male,,Alive,"Isolte Cruel (Wife)
Unnamed daughter;Unnamed Sister;Hans (Brother-in-law);Unnamed Niece","North God Style
Seven Knights of Asura",Knight,North Emperor,Volume 22,Volume 23,,,,,,,,,,,,,,,,,,,,,
Maxwell,,,,Dark Dragon King,Dragon Tribe,Male,,Deceased,,"Five Dragon Generals
Dark Dragon Tribe
Dragon World","Monster and Demon Hunter
Investigator
Recruiter",Dragon General,,"Web Novel Old Dragon Tales, Chapter 8",,,,,,,,,,,,,,,,,,,,,
Orsted,オルステッド,Orusuteddo,,Dragon God,Dragon-Human Deity Hybrid,Male,"2000+ (Physical)
22000+ (Mental)",Alive,"First Dragon God (Father) †
Lunaria (Mother) †
Original Human God (Grandfather) †","Seven Great Powers
Orsted Corporation
Rudeus Greyrat
Ariel Anemoi Asura
Kalman III",100th Dragon God,Dragon God,Volume 2,Volume 2,Episode 8,Kenjiro Tsuda,Gabe Kunda,Volume 9,,,,,,,,,,,,,,,,,
Jalil,ジャリル,Jariru,,,Demon race,Male,,Deceased,,,Adventurer,C,Light Novel Volume 3,Volume 3,Episode 10,Shin Matsushige,Robby Gemaehlich,,K3XX,K423,,,"«P Hunter»
«Dead End» (Temporary)",,,,,,,,,,,,
Aisha Greyrat,アイシャ・グレイラット,Aisha Gureiratto,,,Human,Female,,Alive,,Rude Mercenary Company,"Maid
Adviser
Vice President of Rude Mercenary Company",,,,,Yūki Takada,Meg McClain,,K413,K4XX,,"Paul Greyrat (Father) †
Lilia Greyrat (Mother)
Rudeus Greyrat (Older Half-Brother)
Norn Greyrat (Older Half-Sister)
Show
Spoilers ahead",,,,,,Volume 1,"Volume 1, Chapter 5","Episode 4 (ฺBaby)
Episode 19",,Volume 1,,,
Matsukaze,,,,,Horse,Male,,Alive,,,Horse,,"Volume 11,Youth Period",,,,,,,,,,Rudeus Greyrat,,,,,,,,,,,,
Minitona Dedoldia,ミニトーナ・デドルディア,Minitōna Dedorudia,Tona,,Beast Race,Female,,Alive,"Gustav Dedoldia (Granfather)
Gyes Dedoldia (Father)
Ghislaine Dedoldia (Aunt)
Linia Dedoldia (Sister)",,,,Volume 4,,Episode 13,Shiori Izawa,Kimmie Britt,Volume 6,K40X,,,,,,,,,,,,,,,,
Nina Farion,ニナ・ファリオン,Nina Farion,,Sword King,Human,Female,,Alive,"Gal Farion (Father)†
Jino Britts (Cousin/Husband)
Nel Britts (Son)
Jill Britts (Daughter)
Unnamed Third Child (Incoming)","Holy Land of Swords
Sword God Style",Swordsman,«Sword Emperor»,Volume 9,Volume 8,Season 2 Episode 8,,,,K404,K4XX,,,,,,,,,,,,,,,
Harry Grimoire,,,,,,,,,,,,,,,,,,,,,,,,,,,,,,,,,,,
Laplace,ラプラス,Rapurasu,"Aldebaran
Golden Knight","Demon
Magic
Dragon King (Former)
Dragon God (Former)
Demon
Magic
God
Technique God","Demon/Dragon Hybrid (Demon Dragon King)
Demon Race (Demon God)
Dragon Tribe (Technique God)",Male,"32,890+","Sealed (Demon God)
Alive (Technique God)","Dragon God (Adoptive Father)
Lunaria (Adoptive Mother)
Perugius Dola (Godson)
Orsted (Adoptive Brother)","Dragon World
Five Dragon Generals",2nd Dragon God,"«Demon Dragon King» (Former)
«Dragon God» (Former)
«Demon
Magic
God»
«Technique God»",Light Novel Volume 1,"Web Novel Old Dragon's Tale, Chapter 2",,,,,,,,,,,,,,,,,,,,,
Eris Boreas Greyrat,エリス・ボレアス・グレイラット,Erisu Boreasu Gureiratto,"Mad Dog
Husband (by Rudeus)
Red-Mama (by Lucy Greyrat)","Mad Sword King[1]
Sword King",Human,Female,25,"Alive (Anime and Manga)
Deceased (Age 74)(Web Novel Vol 24)[3]",,"«Sword God» (Teacher)
«Auber Corvette» (Teacher)
«Ghislaine Dedoldia» (Teacher)",Adventurer,"A «Adventure Guild»
«Sword King»
«North Saint»",,,,Ai Kakuma,Lindsay Seidel,,K405,K479[2],Red,"Show
Spoilers ahead!









Philip Boreas Greyrat (Father) †
Hilda Greyrat (Mother) †
Sauros Boreas Greyrat (Grandfather) †
Unnamed Older Brother
Unnamed Younger Brother
Unnamed Uncle",«Dead End» (Former),,,,,Volume 2,Chapter 6,Episode 5,Red,Volume 2,,170cm,
Kalman I,,,Carl (real name),North God,,Male,,Deceased,"Atoferatofe Raibaku (Wife)
Kalman II (Son)
Kalman III (Grandson)",North God Style,,North God,,,,,,,,,,,,,,,,,,,,,,,
Nanahoshi Shizuka,"七星
ナナホシ
静
シズ
香
カ",Nanahoshi Shizuka,"Silent Sevenstars
Silent-san",,Human,Female,17 years (Her world),Alive (Time Stopped),,"«Ranoa Magic Academy»
«Rudeus Greyrat»
«Orsted»
«Perugius»
«Rudo Mercenary Company» (Sponsor)",Student,A «Magic Guild»,Volume 6,Volume 6,"Episode 2 (Old World)
Episode 21",Shion Wakayama,Suzie Yeung,Volume 9,"199x (Her World)
K417 (Summoned)",,,,,,,,,,,,,,,,
Original Human God,,,,Human God,Human,Male,,Deceased,"Lunaria (Daughter)
Orsted (Grandson)","Human World
Gods",,,,,,,,,,,,,,,,,,,,,,,,,
Gal Farion,ガル・ファリオン,Garu Farion,Gull-boy,Sword God,Human,Male,,Deceased,"Nina Farion (Daughter)
Jino Britts (Son-in-law)
Nel Britts (Grandson)
Jill Britts (Granddaughter)",Seven Great Powers,Swordsman,Sword God,Volume 2,Volume 8,,,,Volume 12,K3XX,K430,,,,,,,,,,,,,,,
Juliette,,Jurietto,"Julie
Bazelle of the Sacred Iron and Lilitella of the Beautiful Snowy Ridge's child",,Dwarf,Female,6 (debut),Alive,"Bazelle (Father)
Lilitella (Mother)","Zanoba (Master)
Rudeus (Grand Master)",Slave (former),,Volume 8,Volume 8,Season 2 Episode 6,Sumire Morohoshi,,"Volume 12, Chapter 58",,,,,,,,,,,,,,,,,
Rokari Migurdia,ロカリー・ミグルディア,Rokarī Migurudia,,,Migur,Female,,Alive,"Rowin Migurdia (Husband)
Roxy Migurdia (Daughter)
Show
Spoilers ahead!",,,,Light Novel Volume 3,Volume 3,Episode 9,Satomi Satō,Kimmie Britt,,K315,,,,,,,,,,,,,,,,
Georg,,,,,Human,Male,,,,Ranoa Magic University,Principal,,Volume 8,Volume 7,,,,Volume 11,,,,,,,,,,,,,,,,,
Pilemon Notos Greyrat,ピレモン・ノトス・グレイラット,Piremon Notosu Gureiratto,,,Human,Male,,Alive,"Amarant Notos Greyrat (Father)
Valentina Notos Greyrat (Mother)
Paul Greyrat (Brother)
Luke Notos Greyrat (Son)","«Second Princess Faction» (Former)
«First Prince Faction»","Landlord (Former)
Asura Kingdom Noble",,Volume 9,Volume 17,Episode 24,Masaki Terasoma,,Volume 8,K394,K4XX,,,,,,,,,,,,,,,
Roman,ロウマン,Rouman,,,Demon race,Male,,Deceased,,,Adventurer,D «Adventure Guild»,Light Novel Volume 3,Volume 3,Episode 10,Hiroki Maeda,Jerry Jewell,,,K417,,,«P Hunter» (Disbanded),,,,,,,,,,,,
Linia Dedoldia,リニアーナ・デドルディア,Riniāna Dedorudia,,,Beast Race,Female,,Alive,"Gustav Dedoldia (Grandfather)
Gyes Dedoldia (Father)
Ghislaine Dedoldia (Aunt)
Minitona Dedoldia (Sister)","Ranoa Magic Academy
Rudeus Greyrat
Rude Mercenary Company","Student (Graduated)
Merchant (Former)
Slave
Representative Director",Slave,Volume 8,,Season 2 Episode 4,Fairouz Ai,Alexis Tipton,,K407,,,,,,,,,,,,,,,,
Suzanne,,,,,Human,Female,,Alive,"Timothy (Husband)
2 Unnamed Sons
1 Unnamed Daughter (Deceased)",,Adventurer,B «Adventure Guild»,Light Novel Volume 7,Light Novel Volume 14,Episode 25,Yū Kobayashi,Giovannie Cruz,Depressed Magician Chapter 001,K38X,K4XX,,,«Counter Arrow »,,,,,,,,,,,,
Cliff Grimoire,クリフ・グリモル,Kurifu Gurimoru,,,Human / Halfling Hybrid,Male,,Alive,"Harry Grimoire (Foster Father)
The Pope (Grand Father)
Elinalise (Wife)
Clive Grimoire (Son)","Milis religious organization
«Ranoa Magic Academy»","Adventurer
Student",Advance Summoning,Volume 5,Volume 5,OVA 01,Ryōta Ōsaka,Ry McKeand,Volume 11,K406,,,,,,,,,,,,,,,,
Ruijerd Superdia,ルイジェルド・スペルディア,Ruijerudo Superudia,"Dead End[2]
Watch Dog[3][4]",Dead End,Demon (Superd),Male,566 (Volume 3)[5],Alive,"Luwelia Superdia (Wife, Deceased)
Ruiweld Superdia (Son, Deceased)
Show
Spoilers ahead","Superd Tribe
Dead End (Disbanded)","War Chief (Former)
Adventurer
Tribe Ambassador",A «Adventure Guild»,Volume 3,Volume 3,Episode 9,Daisuke Namikawa,Christopher Wehkamp,Chapter 14: Surprise,Before K. 149,,,,Dead End (Former),,,,,,,,,,,190cm [6],
Sieghart Saladin Greyrat,ジークハルト・サラディン・グレイラット,Jīkuharuto Saradin Gureiratto,Sieg,,Tribrid: Elf / Human / Beast,Male,,Alive,,,,"North Emperor (Jobless Oblige Chp 13)
5th Death God
«Seven Great World Powers» (Decades later after Jobless Oblige)",,,,,,,K429,,,"Rudeus Greyrat (Father)
Sylphiette Greyrat (Mother)
Lucy Greyrat (Older Sister)
Lara Greyrat (Older Half-Sister)
Ars Greyrat (Older Half-Brother)
Lily Greyrat (younger Half-Sister)
Christina Greyrat (Younger Half-Sister)
Aisha Greyrat (Aunt)
Norn Greyrat (Aunt)
Paul Greyrat (Grandfather) †
Zenith Greyrat (Grandmother)",,,,,,Volume 22,,,,Volume 22,,,"Beat (Treant)
Jirou (Armadillo)
Leo (Sacred Beast)"
Sauros Boreas Greyrat,サウロス・ボレアス・グレイラット,Saurosu Boreasu Gureiratto,,,Human,Male,,Deceased,"James Boreas Greyrat (Son)
Gordon Boreas Greyrat (Son)
Philip Boreas Greyrat (Son)†
7 Unnamed Sons
Hilda Boreas Greyrat (Daughter-in-Law)†
Eris Greyrat (Grandchild)
Paul Greyrat (nephew)†",,"Landlord (Former)
Asura Kingdom Noble",,Light Novel Volume 2,Volume 2,Episode 6,Binbin Takaoka,Brian Mathis,,K36X,K418,,,,,,,,,,,,,,,
